,Country,City,Location,Cost,History_and_Culture,Water,Mountain,Nightlife
0,Afghanistan,Kabul,"34.5167, 69.1833",6.4576861526875655,11.920292202211755,0,100,4.141919789885202
1,Albania,Tirana,"41.3275, 19.8189",18.11164454485551,26.89414213699951,50,100,37.83710546195856
2,Algeria,Algiers,"36.7631, 3.0506",10.627882895603879,50.0,100,75,5.926188429822868
3,Argentina,Buenos Aires,"-34.6025, -58.3975",11.2680033888732,26.89414213699951,100,0,56.152034420693944
4,Armenia,Gyumri,"40.7894, 43.8475",13.047161818695285,88.07970779778823,50,75,24.890845167338508
5,Armenia,Yerevan,"40.1812, 44.5136",13.282500235338418,88.07970779778823,25,100,29.08219008594528
6,Australia,Adelaide,"-34.935, 138.6",47.99020992186765,11.920292202211755,100,50,67.12809245231585
7,Australia,Brisbane,"-27.455, 153.0351",52.64991057140168,11.920292202211755,100,25,69.462610324094
8,Australia,Canberra,"-35.283, 149.129",52.3957450814271,11.920292202211755,25,50,61.108318015803455
9,Australia,Melbourne,"-37.82, 144.975",50.74837616492517,26.89414213699951,100,25,73.3473134469285
10,Australia,Perth,"-31.955, 115.84",53.22413630801093,11.920292202211755,100,25,68.52912230825277
11,Australia,Sydney,"-33.92, 151.1852",59.19231855408078,50.0,100,25,73.85081729351559
12,Austria,Graz,"47.0778, 15.41",51.88741410147792,73.1058578630005,0,75,50.701566576578216
13,Austria,Innsbruck,"47.2804, 11.41",48.88449590511155,50.0,50,100,48.555668441408926
14,Austria,Klagenfurt,"46.6203, 14.31",48.88449590511155,88.07970779778823,100,75,46.36913987845032
15,Austria,Salzburg,"47.8105, 13.04",48.88449590511155,50.0,50,100,49.711105999744234
16,Austria,Vienna,"48.2, 16.3666",45.16614892215005,99.75273768433654,25,0,59.68012831063667
17,Azerbaijan,Baku,"40.3953, 49.8622",11.663371928833664,50.0,100,25,13.21508231014515
18,Bahamas,Nassau,"25.0834, -77.35",65.63117763343689,11.920292202211755,100,0,33.57335320307329
19,Bahrain,Manama,"26.2361, 50.5831",37.268191659606515,95.25741268224334,100,0,10.96823008265977
20,Bangladesh,Chittagong,"22.33, 91.8",10.044243622328908,11.920292202211755,100,25,1.208929362554113
21,Bangladesh,Dhaka,"23.7231, 90.4086",15.108726348489126,11.920292202211755,0,0,1.2908661235680752
22,Barbados,Bridgetown,"13.102, -59.6165",56.54711475101196,26.89414213699951,100,0,32.61472341102164
23,Belarus,Minsk,"53.9, 27.5666",14.12030499858797,50.0,75,0,100.0
24,Belgium,Brussels,"50.8333, 4.3333",50.68248140826509,99.99546021312976,25,25,62.348358962327275
25,Belgium,Charleroi,"50.4204, 4.45",50.588346041607835,99.99546021312976,0,25,55.32547166299724
26,Belgium,Liège,"50.63, 5.58",50.588346041607835,99.98766054240137,0,50,58.68463794531428
27,Bermuda,Hamilton,"32.2942, -64.7839",42.52094511908124,26.89414213699951,100,0,0.0
28,Botswana,Gaborone,"-24.6463, 25.9119",19.523675044714302,11.920292202211755,0,50,40.57516194965991
29,Brazil,Rio de Janeiro,"-22.925, -43.225",12.868304622046505,50.0,100,50,55.85909776498438
30,Brazil,São Paulo,"-23.5587, -46.625",10.486679845617996,11.920292202211755,75,75,57.480617456583495
31,Bulgaria,Burgas,"42.5146, 27.4746",17.264426244940225,73.1058578630005,100,25,54.78945541946081
32,Bulgaria,Plovdiv,"42.153999999999996, 24.754",17.433869904923277,26.89414213699951,0,75,57.27341532694832
33,Bulgaria,Sofia,"42.6833, 23.3167",20.803916031252946,50.0,50,100,62.880641816427904
34,Bulgaria,Varna,"43.2156, 27.8953",16.5489974583451,73.1058578630005,100,25,56.89155483673779
35,Cambodia,Phnom Penh,"11.55, 104.9166",26.856820107314324,11.920292202211755,100,0,30.798751473081182
36,Canada,Calgary,"51.083, -114.08",46.38990868869434,11.920292202211755,0,75,55.9985969439758
37,Canada,Halifax,"44.65, -63.6",47.9337287018733,50.0,100,0,51.458791276949626
38,Canada,Montreal,"45.5, -73.5833",41.654899745834506,11.920292202211755,100,50,60.8180978855203
39,Canada,Toronto,"43.7, -79.42",49.618751765038134,11.920292202211755,100,25,62.22123937222809
40,Canada,Vancouver,"49.2734, -123.1216",49.439894568389356,11.920292202211755,100,100,58.95274013977936
41,Chile,Santiago,"-33.45, -70.667",25.46361668078697,50.0,0,100,58.912583836548094
42,China,Beijing,"39.9289, 116.3883",22.931375317706866,88.07970779778823,0,100,42.869423401974245
43,China,Guangzhou,"23.145, 113.325",19.60839687470583,50.0,100,0,42.263116095346184
44,China,Shanghai,"31.2165, 121.4365",27.67579779723242,26.89414213699951,75,0,43.661377345178934
45,Costa Rica,San Jose,"9.935, -84.0841",54.31610656123505,11.920292202211755,25,100,29.95645556304532
46,Croatia,Dubrovnik,"42.6609, 18.0914",59.851266120681544,88.07970779778823,100,100,50.61227669267302
47,Croatia,Pula,"44.8687, 13.8481",34.321754683234495,73.1058578630005,100,0,53.06573123834066
48,Croatia,Rijeka,"45.33, 14.45",31.177633436882235,73.1058578630005,100,100,57.97837272408376
49,Croatia,Split,"43.5204, 16.47",34.557093099877626,95.25741268224334,100,75,59.07456212630964
50,Croatia,Zadar,"44.1201, 15.2623",34.321754683234495,88.07970779778823,100,50,53.766615417570186
51,Croatia,Zagreb,"45.8, 16.0",30.669302456933075,11.920292202211755,0,75,64.91273880921094
52,Cyprus,Larnaca,"34.917, 33.635999999999996",37.72945495622705,50.0,100,100,39.18255660732049
53,Cyprus,Paphos,"34.7559, 32.4225",31.601242586839877,73.1058578630005,100,50,38.063872566471204
54,Czech Republic,Prague,"50.0833, 14.466",27.092158523957455,98.20137900379085,25,25,71.60550021123136
55,Czechia,Brno,"49.2004, 16.61",23.33615739433305,99.99546021312976,0,50,0.0
56,Czechia,Ostrava,"49.8304, 18.25",18.864727478113526,99.33071490757153,0,50,0.0
57,Czechia,Pardubice,"50.0404, 15.76",23.722112397627786,99.90889488055994,0,25,0.0
58,Denmark,Aalborg,"57.0337, 9.9166",63.75788383695754,11.920292202211755,100,0,52.6666746213194
59,Denmark,Aarhus,"56.1572, 10.2107",61.34801845053186,50.0,100,0,55.654711380164855
60,Denmark,Copenhagen,"55.6786, 12.5635",66.83611032664973,73.1058578630005,100,0,62.48424337183377
61,Ecuador,Quito,"-0.215, -78.5001",22.159465311117387,26.89414213699951,0,100,40.740570258763505
62,Egypt,Alexandria,"31.2, 29.95",8.23684458250965,26.89414213699951,100,25,2.404640672789056
63,Egypt,Cairo,"30.05, 31.25",11.42803351219053,50.0,0,25,2.5701696402165672
64,Egypt,Luxor,"25.7, 32.65",9.131130565753553,26.89414213699951,0,25,2.101383720020482
65,Estonia,Tallinn,"59.4339, 24.728",33.0979949166902,73.1058578630005,100,0,52.34019667814241
66,Ethiopia,Addis Ababa,"9.0333, 38.7",38.92497411277417,26.89414213699951,75,75,24.759539571559323
67,Finland,Helsinki,"60.1756, 24.9341",52.282782641438395,73.1058578630005,100,0,67.54952291194016
68,Finland,Lappeenranta,"61.0671, 28.1833",49.759954815024,26.89414213699951,100,0,53.31421160161509
69,Finland,Rovaniemi,"66.5, 25.7159",49.759954815024,11.920292202211755,100,0,50.727889265296255
70,Finland,Tampere,"61.5, 23.75",52.53694813141298,50.0,100,0,60.47309063948112
71,France,Ajaccio,"41.9271, 8.7283",53.1770686246823,11.920292202211755,100,0,52.46453651695096
72,France,Bastia,"42.7032, 9.45",53.1770686246823,11.920292202211755,100,0,51.10711887455067
73,France,Biarritz,"43.4733, -1.5616",53.1770686246823,11.920292202211755,100,50,57.19653377770334
74,France,Bordeaux,"44.85, -0.595",53.1770686246823,73.1058578630005,75,0,65.42086421156243
75,France,Brest,"48.3904, -4.495",53.1770686246823,11.920292202211755,100,25,57.18164666243546
76,France,Brive-la-Gaillarde,"45.1504, 1.5333",53.1770686246823,50.0,0,50,52.559536863850035
77,France,Béziers,"43.3505, 3.21",53.1770686246823,88.07970779778823,100,75,54.4091498358804
78,France,Clermont-Ferrand,"45.78, 3.08",53.1770686246823,11.920292202211755,0,75,59.46825998923182
79,France,Grenoble,"45.1804, 5.72",53.34651228466535,50.0,25,100,61.92816565420406
80,France,La Rochelle,"46.1667, -1.15",53.1770686246823,11.920292202211755,100,0,54.13932928211549
81,France,Lille,"50.65, 3.08",47.08651040195802,99.99832985781521,25,0,66.6837521695931
82,France,Limoges,"45.83, 1.25",53.1770686246823,88.07970779778823,0,75,57.41815265944605
83,France,Lorient,"47.7504, -3.3666",53.1770686246823,11.920292202211755,100,0,54.6124186335244
84,France,Lyon,"45.77, 4.83",52.35809093476419,26.89414213699951,0,50,68.17398385197498
85,France,Marseille,"43.29, 5.375",52.12275251812106,88.07970779778823,100,50,68.0955762501521
86,France,Montpellier,"43.6104, 3.87",50.230631648310265,98.20137900379085,100,100,61.10176478098388
87,France,Nantes,"47.2104, -1.59",53.1770686246823,11.920292202211755,25,0,62.51019568386166
88,France,Nice,"43.715, 7.265",54.8150240045185,26.89414213699951,100,100,66.11182368288141
89,France,Nîmes,"43.8304, 4.35",53.1770686246823,98.20137900379085,50,100,57.9375374758067
90,France,Paris,"48.8667, 2.3333",64.93457592017322,95.25741268224334,0,0,77.50957245529474
91,France,Perpignan,"42.7, 2.9",53.1770686246823,50.0,75,100,57.23846004581492
92,France,Poitiers,"46.5833, 0.3333",53.1770686246823,50.0,0,0,54.669176310828945
93,France,Rennes,"48.1, -1.67",53.1770686246823,26.89414213699951,25,0,58.952797598199425
94,France,Strasbourg,"48.58, 7.75",53.1770686246823,95.25741268224334,0,50,62.52591514576209
95,France,Toulouse,"43.62, 1.4499",51.256707144874326,73.1058578630005,0,100,65.6775508786877
96,France,Tours,"47.3804, 0.6999",53.1770686246823,50.0,0,0,59.53074266030415
97,Georgia,Kutaisi,"42.25, 42.73",9.28174715240516,50.0,0,100,36.814662924911794
98,Georgia,Tbilisi,"41.725, 44.7908",9.790078132354326,50.0,0,100,42.24596706146178
99,Germany,Berlin,"52.5218, 13.4015",44.4036524522263,98.20137900379085,50,0,70.00062445638477
100,Germany,Bremen,"53.08, 8.8",42.069095359126436,73.1058578630005,25,25,62.799776537915676
101,Germany,Cologne,"50.93, 6.95",44.827261602183945,95.25741268224334,0,25,64.31558072881988
102,Germany,Dortmund,"51.53, 7.45",43.76353195895699,88.07970779778823,0,25,61.82926614275777
103,Germany,Dresden,"51.05, 13.75",46.84175844864916,95.25741268224334,0,25,62.053545744800076
104,Germany,Dusseldorf,"51.2204, 6.78",45.015532335498456,88.07970779778823,0,50,65.22244834004779
105,Germany,Düsseldorf,"51.2204, 6.78",43.76353195895699,88.07970779778823,0,50,65.22244834004779
106,Germany,Frankfurt,"50.1, 8.675",48.94097712510591,88.07970779778823,0,25,69.24410512142528
107,Germany,Hamburg,"53.55, 10.0",46.93589381530641,88.07970779778823,75,0,66.92001704479604
108,Germany,Munich,"48.1299, 11.575",52.44281276475572,88.07970779778823,50,100,65.42766673255467
109,Germany,Nuremberg,"49.45, 11.08",46.56876588534312,88.07970779778823,0,50,62.878680729190016
110,Germany,Stuttgart,"48.78, 9.2",46.06043490539396,95.25741268224334,0,50,69.32332426036409
111,Ghana,Accra,"5.55, -0.2167",20.70978066459569,26.89414213699951,100,0,27.578142226768765
112,Greece,Athens,"37.9833, 23.7333",36.66572531300009,95.25741268224334,100,25,60.901769730387265
113,Greece,Chania,"35.5122, 24.0156",35.441965546455805,11.920292202211755,100,0,45.798110584969365
114,Greece,Kalamata,"37.0389, 22.1142",35.441965546455805,95.25741268224334,100,100,45.42520933543548
115,Greece,Kos,"36.8937, 27.2888",24.33399228089994,73.1058578630005,100,0,40.07505181512908
116,Greece,Thessaloniki,"40.6961, 22.885",36.24211616304246,73.1058578630005,100,75,55.35691475801556
117,Greece,Volos,"39.37, 22.95",35.441965546455805,73.1058578630005,100,25,47.180170021373065
118,Hong Kong,Hong Kong,"22.305, 114.185",54.645580344535446,26.89414213699951,100,25,0.0
119,Hungary,Budapest,"47.5, 19.0833",21.87705921114563,88.07970779778823,25,25,75.18860012210328
120,Iceland,Reykjavík,"64.15, -21.95",66.21481690671186,26.89414213699951,100,25,33.6621167686733
121,India,Amritsar,"31.64, 74.87",4.019580156264708,26.89414213699951,0,0,23.75634482740994
122,India,Bangalore,"12.97, 77.56",6.711851642662148,11.920292202211755,0,50,26.678001946796055
123,India,Chennai,"13.09, 80.28",4.603219429539675,26.89414213699951,100,0,26.769446758108696
124,India,Delhi,"28.67, 77.23",7.135460792619787,73.1058578630005,0,0,28.124542917409563
125,India,Hyderabad,"17.4, 78.48",5.497505412783584,11.920292202211755,0,25,26.572059898832723
126,India,Kochi,"10.015, 76.2239",3.275910759672406,11.920292202211755,100,0,24.1392545090312
127,India,Kolkata,"22.495, 88.3247",5.092723336157395,11.920292202211755,50,0,27.99869647909042
128,India,Mumbai,"19.017, 72.857",8.491010072484233,73.1058578630005,100,0,28.421887529710112
129,India,Nagpur,"21.17, 79.09",2.880542219711945,11.920292202211755,0,50,24.952740698789306
130,India,Thiruvananthapuram,"8.5, 76.95",0.0,11.920292202211755,100,100,23.350398936067602
131,Indonesia,Denpasar,"-8.65, 115.22",16.012425868398758,26.89414213699951,100,0,3.195623730014581
132,Indonesia,Jakarta,"-6.1744, 106.8294",23.044337757695565,11.920292202211755,100,50,3.7925602269063123
133,Iran,Mashhad,"36.27, 59.57",17.528005271580533,11.920292202211755,0,100,5.805366400151864
134,Iran,Shiraz,"29.63, 52.57",17.528005271580533,88.07970779778823,0,100,5.533739351867239
135,Iran,Tehran,"35.6719, 51.4243",17.725689541560765,26.89414213699951,0,100,6.262728013445258
136,Iraq,Baghdad,"33.3386, 44.3939",19.871975901346136,26.89414213699951,100,0,3.0439523170629066
137,Iraq,Erbil,"36.179, 44.0086",20.62505883460416,50.0,0,100,2.7092881241655076
138,Ireland,Cork,"51.8986, -8.4958",55.10684364115599,11.920292202211755,100,25,57.02031755775271
139,Ireland,Dublin,"53.3331, -6.2489",57.93090464087358,26.89414213699951,100,0,65.11094201207156
140,Ireland,Shannon,"52.7038, -8.8641",54.80561046785277,11.920292202211755,100,25,42.617808659041444
141,Israel,Tel Aviv,"32.08, 34.77",67.35385484326463,99.99938558253977,100,75,16.510626296826867
142,Italy,Ancona,"43.6004, 13.4999",46.220465028711295,88.07970779778823,100,100,30.436380145684655
143,Italy,Bari,"41.1142, 16.8728",46.220465028711295,73.1058578630005,100,50,34.67901935895116
144,Italy,Bergamo,"45.7004, 9.67",48.696225171797046,99.96646498695337,50,100,32.25466457341982
145,Italy,Bologna,"44.5004, 11.34",48.74329285512567,99.99546021312976,0,25,34.61270919908727
146,Italy,Brindisi,"40.6403, 17.93",46.220465028711295,26.89414213699951,100,25,30.53773794168154
147,Italy,Cagliari,"39.2224, 9.104",46.220465028711295,26.89414213699951,100,25,33.2502574928688
148,Italy,Catania,"37.5, 15.08",36.035018356396506,73.1058578630005,100,50,35.46720733783799
149,Italy,Crotone,"39.0833, 17.1233",46.220465028711295,11.920292202211755,100,75,29.073595219078868
150,Italy,Genoa,"44.41, 8.93",50.95547397157113,88.07970779778823,100,100,35.35907642043238
151,Italy,Milan,"45.47, 9.205",56.9707239009696,99.75273768433654,50,100,39.36181772046773
152,Italy,Naples,"40.84, 14.245",42.26677962910666,95.25741268224334,100,100,38.65051067404119
153,Italy,Olbia,"40.9143, 9.5151",46.220465028711295,11.920292202211755,100,75,28.33435766945236
154,Italy,Palermo,"38.125, 13.35",32.84382942671562,73.1058578630005,100,0,36.11827084106343
155,Italy,Parma,"44.8104, 10.32",51.31318836486869,99.98766054240137,0,100,31.76246196799002
156,Italy,Perugia,"43.1104, 12.39",46.220465028711295,99.90889488055994,75,50,31.47900215058549
157,Italy,Pescara,"42.4554, 14.2187",46.220465028711295,11.920292202211755,100,100,33.45326785213618
158,Italy,Pisa,"43.7205, 10.4",46.220465028711295,99.90889488055994,100,25,32.29837806872537
159,Italy,Rome,"41.896, 12.4833",49.863503718346976,95.25741268224334,75,75,39.693617952429086
160,Italy,Trieste,"45.6504, 13.8",48.30085663183658,73.1058578630005,100,75,32.4584630158994
161,Italy,Turin,"45.0704, 7.67",45.712134048762124,88.07970779778823,0,100,37.834124389914
162,Italy,Venice,"45.4387, 12.335",46.220465028711295,99.96646498695337,100,100,33.05566805801788
163,Italy,Verona,"45.4404, 10.99",46.220465028711295,99.96646498695337,50,100,33.7142000860072
164,Jamaica,Kingston,"17.9771, -76.7674",37.23995104960934,26.89414213699951,100,0,26.575288791079355
165,Jamaica,Montego Bay,"18.4667, -77.9167",32.48611503341806,11.920292202211755,100,0,22.696433737950898
166,Japan,Nagoya,"35.155, 136.915",62.47764285041891,73.1058578630005,100,75,42.56158041558456
167,Japan,Osaka,"34.75, 135.4601",63.230725783676924,98.20137900379085,100,25,46.11630181458714
168,Japan,Tokyo,"35.685, 139.7514",65.7441400734256,50.0,100,75,49.38255707327561
169,Jordan,Amman,"31.95, 35.9333",34.22761931657724,99.99991684719723,25,25,3.8303159911597495
170,Kazakhstan,Almaty,"43.325, 76.915",10.5619881389438,11.920292202211755,25,75,56.89466513305926
171,Kazakhstan,Nur-Sultan,"51.1811, 71.4278",12.887131695377951,11.920292202211755,75,0,51.80754657688139
172,Kenya,Mombasa,"-4.04, 39.6899",16.850230631648312,50.0,100,25,23.217315861510276
173,Kenya,Nairobi,"-1.2833, 36.8167",19.307163701402615,11.920292202211755,25,75,25.299086607597488
174,Kosovo,Pristina,"42.6666, 21.1724",7.860303115880635,73.1058578630005,0,25,0.0
175,Kuwait,Kuwait City,"29.3697, 47.9783",28.98427939376824,11.920292202211755,100,25,0.5734510866079998
176,Latvia,Riga,"56.95, 24.1",29.24785842040855,26.89414213699951,100,0,65.57756976440878
177,Lebanon,Beirut,"33.872, 35.5097",45.7780288054222,99.75273768433654,100,100,38.127534022894714
178,Lithuania,Kaunas,"54.9504, 23.88",23.750353007624962,50.0,75,0,78.45603108241993
179,Lithuania,Palanga,"55.9203, 21.070999999999998",23.533841664313286,26.89414213699951,100,0,59.19304442152507
180,Lithuania,Vilnius,"54.6834, 25.3166",24.879977407512005,50.0,25,0,80.71774163208593
181,Malaysia,Kuala Lumpur,"3.1667, 101.7",19.457780288054224,11.920292202211755,50,25,7.273370521031436
182,Malta,Valletta,"35.8997, 14.5147",53.1394144780194,88.07970779778823,100,0,35.38423788314846
183,Mauritius,Port Louis,"-20.1666, 57.5",30.02918196366375,50.0,100,0,18.880025199858906
184,Mexico,Cancún,"21.17, -86.83",10.430198625623646,11.920292202211755,100,0,37.493001224784884
185,Mexico,Guadalajara,"20.67, -103.33",10.5619881389438,50.0,50,75,43.30594296212736
186,Mexico,Mexico City,"19.4424, -99.131",14.336816341899649,99.75273768433654,0,100,47.5976090095232
187,Montenegro,Podgorica,"42.466, 19.2663",19.570742728042926,95.25741268224334,75,100,40.799522720541084
188,Montenegro,Tivat,"42.4364, 18.6961",17.725689541560765,88.07970779778823,100,100,32.76574406312752
189,Morocco,Agadir,"30.44, -9.62",13.461357431987198,11.920292202211755,100,100,4.835924406508198
190,Morocco,Casablanca,"33.6, -7.6164",16.06890708839311,50.0,100,50,5.314771386369797
191,Morocco,Marrakech,"31.63, -8.0",18.35639649816436,50.0,0,100,4.855390679890381
192,Morocco,Rabat,"34.0253, -6.8361",15.68295208509837,26.89414213699951,100,75,5.093405020792964
193,Morocco,Tangier,"35.7473, -5.8327",16.38896733502777,50.0,100,0,4.8019202473745635
194,Mozambique,Maputo,"-25.9553, 32.5892",20.276757977972327,11.920292202211755,100,50,12.867017113507389
195,Namibia,Windhoek,"-22.57, 17.0835",17.198531488280146,11.920292202211755,0,25,53.24133717523294
196,Nepal,Kathmandu,"27.7167, 85.3166",9.818318742351503,26.89414213699951,0,100,11.891322462939225
197,Netherlands,Amsterdam,"52.35, 4.9166",59.3146945307352,99.75273768433654,100,0,54.06329932517811
198,Netherlands,Eindhoven,"51.43, 5.5",53.98663277793467,99.99991684719723,0,25,50.34729054713958
199,Netherlands,Maastricht,"50.853, 5.6770000000000005",51.614421538171904,99.96646498695337,0,25,45.74192538041781
200,Netherlands,Rotterdam,"51.92, 4.48",49.213969688411936,99.98766054240137,75,0,53.963569248998525
201,New Zealand,Auckland,"-36.8481, 174.763",53.71364021462863,11.920292202211755,100,0,60.76890146942342
202,New Zealand,Christchurch,"-43.535, 172.63",51.79327873482068,11.920292202211755,100,75,55.03895081314907
203,Nigeria,Abuja,"9.0833, 7.5333",9.328814835733787,11.920292202211755,0,75,56.84592187917183
204,Nigeria,Lagos,"6.4433, 3.3915",14.920455615174625,11.920292202211755,100,0,63.98757869124848
205,Norway,Haugesund,"59.4119, 5.2775",72.43716464275629,26.89414213699951,100,50,32.20534295772747
206,Norway,Oslo,"59.9167, 10.75",71.47698390285233,11.920292202211755,100,25,41.40889109992228
207,Oman,Muscat,"23.6133, 58.5933",30.99877624023346,50.0,100,25,4.794574255717985
208,Oman,Salalah,"17.0255, 54.0852",27.835827920549754,11.920292202211755,100,75,4.339531269196636
209,Pakistan,Faisalabad,"31.41, 73.11",1.0825567165584098,11.920292202211755,0,0,0.58283268166081
210,Pakistan,Islamabad,"33.7, 73.1666",2.4569330697543066,50.0,0,100,0.535090421318261
211,Pakistan,Karachi,"24.87, 66.99",1.5720606231761258,26.89414213699951,100,50,0.643320638260758
212,Pakistan,Lahore,"31.56, 74.35",1.9862562364680407,26.89414213699951,0,0,0.6191790248571728
213,Pakistan,Multan,"30.2, 71.455",1.0825567165584098,11.920292202211755,25,0,0.5614558292436121
214,Pakistan,Peshawar,"34.005, 71.535",1.0825567165584098,26.89414213699951,0,100,0.5553285214136401
215,Peru,Lima,"-12.048, -77.0501",41.203049985879694,26.89414213699951,100,100,50.784007676845576
216,Philippines,Davao,"7.11, 125.63",21.31224701120211,11.920292202211755,100,75,30.143705274834232
217,Philippines,Manila,"14.6042, 120.9822",20.229690294643703,26.89414213699951,100,50,34.55032465421051
218,Poland,Bydgoszcz,"53.1204, 18.01",20.643885907935612,50.0,25,0,63.16200886614445
219,Poland,Gdańsk,"54.36, 18.64",18.45994540148734,26.89414213699951,100,25,66.6267661480538
220,Poland,Katowice,"50.2604, 19.02",15.315824155135083,98.20137900379085,50,25,73.09130311907161
221,Poland,Kraków,"50.06, 19.96",18.45994540148734,99.96646498695337,0,50,66.73222589736987
222,Poland,Lublin,"51.2504, 22.5727",16.266591358373343,50.0,0,0,63.075036292002494
223,Poland,Olsztyn,"53.8, 20.48",18.45994540148734,26.89414213699951,75,0,59.836562375015156
224,Poland,Poznań,"52.4058, 16.8999",18.45994540148734,11.920292202211755,0,0,65.78616891706241
225,Poland,Rzeszów,"50.0705, 22.0",18.45994540148734,95.25741268224334,0,0,61.19090745650612
226,Poland,Szczecin,"53.4204, 14.53",17.160877341617244,73.1058578630005,100,0,63.68921067674217
227,Poland,Warsaw,"52.25, 21.0",22.09357055445731,26.89414213699951,0,0,70.74751606678873
228,Poland,Wrocław,"51.1104, 17.03",18.45994540148734,50.0,25,75,65.87151271022678
229,Poland,Łódź,"51.775, 19.4514",18.45994540148734,26.89414213699951,0,0,66.74525115009706
230,Portugal,Faro,"37.0171, -7.9333",27.92996328720701,11.920292202211755,100,25,54.083233882554296
231,Portugal,Funchal,"32.65, -16.88",31.52593429351408,11.920292202211755,100,25,62.22211009480463
232,Portugal,Lisbon,"38.7227, -9.1449",29.840911230349242,99.33071490757153,100,0,75.55106386557982
233,Portugal,Ponta Delgada,"37.7483, -25.6666",27.92996328720701,11.920292202211755,100,0,56.10445324236666
234,Portugal,Porto,"41.15, -8.62",28.645392073802128,95.25741268224334,100,50,71.76843634185974
235,Qatar,Doha,"25.2866, 51.533",44.73312623552669,88.07970779778823,100,0,8.393167173624438
236,Romania,Bucharest,"44.4334, 26.0999",19.448366751388495,50.0,0,100,82.23367583639781
237,Russia,Moscow,"55.7522, 37.6155",20.756848347924315,88.07970779778823,75,0,96.25471064737995
238,Russia,Saint Petersburg,"59.93899999999999, 30.316",15.522921961781044,26.89414213699951,100,0,91.30564286835772
239,Rwanda,Kigali,"-1.9536, 30.0605",15.268756471806459,11.920292202211755,75,50,52.81624992300203
240,Saudi Arabia,Abha,"18.2301, 42.5001",27.581662430575165,11.920292202211755,25,100,0.967006521595562
241,Saudi Arabia,Dammam,"26.4282, 50.0997",26.969782547303023,88.07970779778823,100,0,1.1465845581255278
242,Saudi Arabia,Dhahran,"26.2914, 50.1583",27.581662430575165,95.25741268224334,100,0,0.9061089543110872
243,Saudi Arabia,Jeddah,"21.5169, 39.2192",29.069001223759766,26.89414213699951,100,25,1.176754097821784
244,Saudi Arabia,Medina,"24.5, 39.58",27.581662430575165,11.920292202211755,0,50,1.0905645853549337
245,Saudi Arabia,Riyadh,"24.6408, 46.7727",28.042925727195712,26.89414213699951,0,25,1.2078067337287004
246,Saudi Arabia,Tabuk,"28.3838, 36.555",27.581662430575165,11.920292202211755,0,50,1.0423282307934425
247,Serbia,Belgrade,"44.8186, 20.468",18.977689918102232,11.920292202211755,0,25,69.12524450424343
248,Serbia,Niš,"43.3304, 21.9",16.12538830838746,73.1058578630005,0,75,61.76693684003062
249,Singapore,Singapore,"1.2930000000000001, 103.8558",57.686152687564714,26.89414213699951,100,0,12.195796957166417
250,Slovakia,Bratislava,"48.15, 17.117",28.974865857102515,98.20137900379085,25,0,66.43319997012439
251,Slovakia,Košice,"48.7304, 21.25",25.369481314129715,88.07970779778823,25,50,63.444529660880455
252,Slovenia,Ljubljana,"46.0553, 14.515",35.329003106467106,73.1058578630005,25,100,57.919352211214935
253,Somalia,Mogadishu,"2.0667, 45.3667",17.537418808246255,11.920292202211755,100,0,2.7432446143806355
254,South Africa,Cape Town,"-33.92, 18.435",17.170290878282973,26.89414213699951,100,75,65.00444222397682
255,South Africa,Durban,"-29.865, 30.98",14.129718535253694,11.920292202211755,100,75,64.29340469394978
256,South Africa,Johannesburg,"-26.17, 28.03",19.570742728042926,11.920292202211755,50,75,65.2916022661593
257,South Korea,Seoul,"37.5663, 126.9997",58.11917537418809,95.25741268224334,100,50,78.09170574509623
258,Spain,Alicante,"38.3512, -0.4836",31.733032100160035,26.89414213699951,100,50,55.936926022614564
259,Spain,Almería,"36.8303, -2.43",33.34274686999906,26.89414213699951,100,75,53.43820722403252
260,Spain,Barcelona,"41.3833, 2.1834",39.40506448272617,88.07970779778823,100,100,68.06583172663274
261,Spain,Bilbao,"43.25, -2.93",42.360914995763906,95.25741268224334,100,100,60.440596549651225
262,Spain,Castellón,"39.9704, -0.05",33.34274686999906,73.1058578630005,100,75,53.467777669555346
263,Spain,Granada,"37.165, -3.585",35.05601054316107,88.07970779778823,50,100,56.84885679497387
264,Spain,Las Palmas,"28.1, -15.43",28.87131695377954,50.0,100,0,56.735995702185114
265,Spain,Madrid,"40.4, -3.6834",38.87790642944554,98.20137900379085,0,50,68.6115829789979
266,Spain,Murcia,"37.98, -1.13",33.34274686999906,26.89414213699951,50,75,57.054644224484555
267,Spain,Málaga,"36.7204, -4.42",33.34274686999906,73.1058578630005,100,100,58.38728564921142
268,Spain,Santander,"43.3805, -3.8",33.34274686999906,50.0,100,75,54.10767037810834
269,Spain,Santiago de Compostela,"42.8829, -8.5411",33.34274686999906,73.1058578630005,75,75,50.50865981168177
270,Spain,Seville,"37.405, -5.98",31.177633436882235,73.1058578630005,25,50,61.87715518508554
271,Spain,Tenerife,"28.47, -16.25",31.55417490351125,50.0,100,0,56.21073028843849
272,Spain,Valencia,"39.485, -0.4",31.620069660171325,73.1058578630005,100,100,60.08591817913128
273,Spain,Valladolid,"41.65, -4.75",33.34274686999906,95.25741268224334,0,25,56.02609699428608
274,Spain,Vitoria-Gasteiz,"42.85, -2.67",33.34274686999906,88.07970779778823,100,100,54.43023901357831
275,Spain,Zaragoza,"41.65, -0.89",37.98362044620164,11.920292202211755,25,75,59.12070057969216
276,Sri Lanka,Colombo,"6.932, 79.8578",15.221688788477833,73.1058578630005,100,25,17.931326829524266
277,Sweden,Malmö,"55.5833, 13.0333",49.383413348395,73.1058578630005,100,0,45.370163568565694
278,Sweden,Stockholm,"59.3508, 18.0973",55.2951143744705,73.1058578630005,100,0,50.979960474459894
279,Sweden,Växjö,"56.8837, 14.8167",49.383413348395,50.0,100,25,39.89707580912909
280,Sweden,Östersund,"63.1833, 14.65",49.383413348395,11.920292202211755,100,50,38.97125120742422
281,Switzerland,Geneva,"46.21, 6.14",100.0,99.33071490757153,100,100,59.211011064979445
282,Switzerland,Zürich,"47.38, 8.55",99.63287207003673,95.25741268224334,100,50,58.73601551437256
283,Taiwan,Taipei,"25.0358, 121.5683",41.67372681916597,11.920292202211755,75,100,0.0
284,Tanzania,Dar es Salaam,"-6.8, 39.2683",17.320907464934578,26.89414213699951,100,0,45.22120820774926
285,Tanzania,Zanzibar,"-6.16, 39.2",16.003012331733032,26.89414213699951,100,0,39.20146838925473
286,Thailand,Bangkok,"13.75, 100.5166",33.888731996611135,26.89414213699951,75,0,44.0152677724548
287,Thailand,Chiang Mai,"18.8, 98.98",24.52226301421444,11.920292202211755,0,100,36.10172313943751
288,Thailand,Krabi,"8.052, 98.912",27.412218770592112,11.920292202211755,100,0,28.979398761242788
289,Thailand,Phuket,"7.8765, 98.3815",28.49477548715052,11.920292202211755,100,0,33.213707096029296
290,Trinidad and Tobago,Port of Spain,"10.652000000000001, -61.516999999999996",38.20013178951332,11.920292202211755,100,0,33.28110578454087
291,Trinidad and Tobago,Scarborough,"11.1811, -60.7333",34.651228466534874,11.920292202211755,100,0,25.822784410176702
292,Tunisia,Tunis,"36.8028, 10.1797",9.611220935705543,95.25741268224334,100,25,8.694354110068133
293,Turkey,Adana,"36.995, 35.32",11.851642662148167,11.920292202211755,100,100,11.100493288458162
294,Turkey,Ankara,"39.9272, 32.8644",11.748093758825188,11.920292202211755,0,50,11.933225157817736
295,Turkey,Antalya,"36.89, 30.7",9.799491669020052,11.920292202211755,100,100,10.704836487075353
296,Turkey,Istanbul,"41.105, 29.01",14.110891461922249,50.0,100,75,12.718893552890428
297,Turkey,Trabzon,"40.98, 39.72",11.851642662148167,11.920292202211755,100,100,10.686196312238462
298,Turkey,İzmir,"38.4361, 27.1518",11.851642662148167,73.1058578630005,100,75,11.647558887813164
299,Uganda,Entebbe,"0.0604, 32.46",10.458439235620823,26.89414213699951,100,0,46.665170012987204
300,Uganda,Kampala,"0.3167, 32.5833",12.322319495434432,26.89414213699951,100,25,54.75455111580945
301,Ukraine,Kharkiv,"50.0, 36.25",9.968935329003108,11.920292202211755,0,0,77.8181147829274
302,Ukraine,Kiev,"50.4334, 30.5166",12.7929963287207,26.89414213699951,75,0,81.20315865390137
303,Ukraine,Odesa,"46.49, 30.71",10.872634848912735,11.920292202211755,100,0,75.69012540006781
304,United Arab Emirates,Abu Dhabi,"24.4667, 54.3666",39.6027487527064,11.920292202211755,100,0,22.573776076521032
305,United Arab Emirates,Dubai,"25.23, 55.28",46.10750258872258,11.920292202211755,100,25,23.975268017783304
306,United Arab Emirates,Sharjah,"25.3714, 55.4065",31.591829050174148,11.920292202211755,100,25,23.596564190006724
307,United Kingdom,Aberdeen,"57.1704, -2.08",47.72663089522734,11.920292202211755,100,25,55.59388516286177
308,United Kingdom,Belfast,"54.6, -5.96",38.60491386613951,26.89414213699951,100,0,59.55810254561422
309,United Kingdom,Birmingham,"52.475, -1.92",53.53478301797986,99.75273768433654,0,0,66.987922294136
310,United Kingdom,Bournemouth,"50.73, -1.9",43.132825002353385,50.0,100,0,59.31336170108603
311,United Kingdom,Bristol,"51.45, -2.5833",46.61583356867175,88.07970779778823,75,25,60.501316819719484
312,United Kingdom,Cardiff,"51.5, -3.225",42.200884872446586,73.1058578630005,100,25,62.5246355538607
313,United Kingdom,Derry,"55.0004, -7.3333",43.132825002353385,11.920292202211755,100,50,51.85600924558839
314,United Kingdom,Edinburgh,"55.9483, -3.2191",45.834510025416556,88.07970779778823,100,100,60.08122627286809
315,United Kingdom,Exeter,"50.7004, -3.53",43.37757695566225,26.89414213699951,100,50,53.236617097476156
316,United Kingdom,Glasgow,"55.8744, -4.2507",40.939470959239394,88.07970779778823,50,50,63.88625735382879
317,United Kingdom,Inverness,"57.4671, -4.2333",43.132825002353385,11.920292202211755,100,50,49.03547513025244
318,United Kingdom,Liverpool,"53.416000000000004, -2.918",41.99378706580062,99.75273768433654,100,25,62.24879909661946
319,United Kingdom,London,"51.5, -0.1167",55.5210392544479,98.20137900379085,25,0,73.03414148124331
320,United Kingdom,Manchester,"53.5004, -2.248",44.488374282217826,99.75273768433654,0,25,66.87645276160264
321,United Kingdom,Newcastle upon Tyne,"55.0004, -1.6",40.81709498258496,95.25741268224334,75,25,62.63275906826029
322,United States,Atlanta,"33.7627, -84.4225",52.96055728137061,11.920292202211755,25,25,56.132064161363026
323,United States,Austin,"30.3006, -97.7517",41.9843735291349,26.89414213699951,25,25,51.92203951633327
324,United States,Baltimore,"39.3051, -76.6144",51.953308858138016,11.920292202211755,100,0,52.94182215921215
325,United States,Boston,"42.3188, -71.0846",64.72747811352725,11.920292202211755,100,25,55.696682181789306
326,United States,Charleston,"32.8151, -79.96300000000001",59.64416831403558,11.920292202211755,100,0,48.37231815054363
327,United States,Chicago,"41.8373, -87.6862",59.17349148074932,11.920292202211755,100,0,57.9694972370716
328,United States,Columbus,"39.986, -82.9851",49.863503718346976,11.920292202211755,0,0,51.66895803071684
329,United States,Dallas,"32.7936, -96.7662",42.75628353572437,11.920292202211755,0,0,56.46629404643304
330,United States,Denver,"39.7621, -104.8759",51.22846653487715,11.920292202211755,0,100,53.849321673886706
331,United States,Houston,"29.7869, -95.3905",45.68389343876495,11.920292202211755,50,0,56.28008995845671
332,United States,Las Vegas,"36.2333, -115.2654",45.91923185540808,11.920292202211755,25,75,52.775124806168606
333,United States,Los Angeles,"34.1139, -118.4068",56.4529793843547,11.920292202211755,100,100,59.38496467863469
334,United States,Miami,"25.7839, -80.2102",60.0207097806646,11.920292202211755,100,0,56.85524269203929
335,United States,Nashville,"36.1715, -86.7843",48.89390944177728,11.920292202211755,0,0,50.39783119853978
336,United States,New Orleans,"30.0687, -89.9288",53.79836204462016,11.920292202211755,100,0,50.23402982763098
337,United States,New York City,"40.6943, -73.9249",49.5340299350466,50.0,100,0,60.88097955448165
338,United States,Newark,"40.7245, -74.1725",49.5340299350466,50.0,100,25,45.57706707523421
339,United States,Orlando,"28.4772, -81.3369",48.91273651510873,11.920292202211755,75,0,52.215674143204424
340,United States,Philadelphia,"40.0077, -75.1339",55.85992657441401,50.0,50,25,56.405424479190955
341,United States,Phoenix,"33.5722, -112.0891",44.488374282217826,11.920292202211755,0,100,55.233561987135374
342,United States,Pittsburgh,"40.4396, -79.9763",55.69989645109668,26.89414213699951,0,25,52.08776579503983
343,United States,San Diego,"32.8312, -117.1225",55.02212181116446,11.920292202211755,100,100,54.36205909611939
344,United States,San Francisco,"37.7562, -122.443",68.04104301986257,11.920292202211755,100,25,54.78154972705367
345,United States,San Jose,"37.3021, -121.8489",54.31610656123505,11.920292202211755,75,25,52.306540629498265
346,United States,Seattle,"47.6211, -122.3244",64.14383884025227,11.920292202211755,100,100,54.821606655714184
347,United States,Tampa,"27.9942, -82.4451",53.53478301797986,11.920292202211755,100,0,53.871351767188045
348,United States,"Washington, D.C.","38.9047, -77.0163",49.5340299350466,11.920292202211755,50,25,56.17392406512184
349,Vietnam,Da Nang,"16.0748, 108.22399999999999",17.198531488280146,73.1058578630005,100,100,36.290780505657516
350,Vietnam,Hanoi,"21.0333, 105.85",17.490351124917634,73.1058578630005,100,25,39.806401060286454
351,Vietnam,Ho Chi Minh City,"10.78, 106.695",17.97985503153535,11.920292202211755,100,25,40.31075313056011
352,Zimbabwe,Harare,"-17.8178, 31.0447",36.260943236373905,11.920292202211755,0,25,32.07564874860726
